t,v1,h1,a1,v2,h2,a2
,,,,,,
,,,,,,
,,,,,,
,,,,,,
,,,,,,
3.0,5.0,-0.0,,,,
3.5,5.0,-0.0,,,,
4.0,5.0,-0.0,,,,
,,,,,,
5.0,13.0,-0.0,,,,
5.5,19.0,-0.0,,,,
6.0,26.0,-0.0,,,,
6.5,33.0,0.0,,,,
7.0,40.0,0.0,,,,
7.5,46.0,0.0,,,,
8.0,52.0,0.0,,,,
,,,,,,
9.0,66.0,0.0,,,,
9.5,73.0,0.0,,,,
10.0,82.0,0.0,,,,
10.5,89.0,0.0,,,,
11.0,97.0,0.0,12.817,,,
,,,,,,
,,,,,,
,,,,,,
13.0,128.0,0.1,13.104,,,
13.5,135.0,0.1,13.363,,,
14.0,144.0,0.1,13.697,,,
,,,,,,
,,,,,,
,,,,,,
16.0,177.0,0.2,13.854,,,
,,,,,,
17.0,193.0,0.3,13.928,,,
17.5,201.0,0.3,13.965,,,
,,,,,,
18.5,219.0,0.4,14.039,,,
19.0,228.0,0.4,14.113,,,
19.5,237.0,0.4,14.224,,,
,,,,,,
20.5,253.0,0.5,14.298,,,
21.0,263.0,0.5,14.409,,,
,,,,,,
22.0,281.0,0.6,14.483,,,
,,,,,,
23.0,300.0,0.7,14.501,,,
,,,,,,
,,,,,,
24.5,328.0,0.8,14.587,,,
,,,,,,
,,,,,,
26.0,355.0,1.0,14.624,,,
26.5,365.0,1.0,14.707,,,
27.0,374.0,1.0,14.781,,,
,,,,,,
28.0,394.0,1.2,14.818,,,
28.5,407.0,1.3,14.993,,,
29.0,418.0,1.3,15.104,,,
29.5,429.0,1.4,15.215,,,
30.0,438.0,1.4,15.215,,,
,,,,,,
31.0,458.0,1.6,15.252,,,
31.5,469.0,1.6,15.325,,,
32.0,479.0,1.7,15.399,,,
32.5,490.0,1.8,15.436,,,
33.0,501.0,1.8,15.51,,,
,,,,,,
34.0,522.0,2.0,15.546,,,
34.5,533.0,2.1,15.608,,,
,,,,,,
35.5,556.0,2.2,15.7,,,
36.0,566.0,2.3,15.7,,,
,,,,,,
37.0,587.0,2.4,15.755,,,
37.5,599.0,2.5,15.829,,,
,,,,,,
38.5,623.0,2.7,15.792,,,
39.0,635.0,2.8,15.828,,,
,,,,,,
40.0,658.0,3.0,15.847,,,
40.5,669.0,3.0,15.92,,,
41.0,681.0,3.1,15.994,,,
41.5,693.0,3.2,16.031,,,
42.0,706.0,3.3,16.142,,,
,,,,,,
,,,,,,
43.5,742.0,3.6,16.178,,,
44.0,756.0,3.7,16.289,,,
44.5,769.0,3.9,16.381,,,
45.0,780.0,4.0,16.381,,,
,,,,,,
,,,,,,
46.5,811.0,4.3,16.337,,,
,,,,,,
,,,,,,
48.0,833.0,4.7,16.238,,,
48.5,839.0,4.7,16.071,,,
,,,,,,
,,,,,,
,,,,,,
50.5,864.0,5.2,15.857,,,
51.0,870.0,5.4,15.634,,,
51.5,877.0,5.5,15.448,,,
52.0,883.0,5.6,15.244,,,
,,,,,,
53.0,896.0,5.8,15.077,,,
,,,,,,
54.0,911.0,6.1,14.909,,,
,,,,,,
55.0,929.0,6.3,14.797,,,
,,,,,,
,,,,,,
56.5,967.0,6.7,14.784,,,
,,,,,,
57.5,995.0,7.0,14.858,,,
58.0,1010.0,7.1,14.894,,,
58.5,1023.0,7.3,14.893,,,
59.0,1039.0,7.4,15.077,,,
59.5,1055.0,7.5,15.286,,,
60.0,1070.0,7.7,15.569,,,
60.5,1087.0,7.9,15.977,,,
61.0,1103.0,8.0,16.337,,,
61.5,1119.0,8.1,16.706,,,
62.0,1134.0,8.3,17.002,,,
62.5,1149.0,8.5,17.335,,,
63.0,1165.0,8.6,17.686,,,
63.5,1181.0,8.8,18.0,,,
64.0,1197.0,8.9,18.258,,,
64.5,1213.0,9.1,18.381,,,
65.0,1230.0,9.2,18.491,,,
65.5,1246.0,9.4,18.528,,,
66.0,1262.0,9.5,18.638,,,
66.5,1278.0,9.8,18.638,,,
,,,,,,
67.5,1311.0,10.0,18.655,,,
68.0,1327.0,10.2,18.692,,,
68.5,1344.0,10.4,18.691,,,
69.0,1361.0,10.6,18.728,,,
69.5,1378.0,10.7,18.764,,,
70.0,1395.0,11.0,18.838,,,
70.5,1412.0,11.1,18.91,,,
71.0,1431.0,11.3,19.021,,,
71.5,1448.0,11.5,19.058,,,
72.0,1465.0,11.7,19.095,,,
72.5,1484.0,11.9,19.205,,,
73.0,1503.0,12.1,19.28,,,
73.5,1521.0,12.3,19.353,,,
74.0,1538.0,12.5,19.39,,,
,,,,,,
75.0,1575.0,12.9,19.482,,,
75.5,1594.0,13.1,19.574,,,
76.0,1612.0,13.3,19.647,,,
76.5,1631.0,13.5,19.72,,,
77.0,1650.0,13.8,19.793,,,
77.5,1669.0,13.9,19.866,,,
78.0,1688.0,14.2,19.94,,,
78.5,1707.0,14.4,20.014,,,
79.0,1727.0,14.6,20.049,,,
79.5,1747.0,14.8,20.159,,,
80.0,1767.0,15.1,20.269,,,
80.5,1787.0,15.3,20.305,,,
81.0,1808.0,15.5,20.377,,,
81.5,1829.0,15.7,20.487,,,
82.0,1850.0,16.0,20.635,,,
82.5,1871.0,16.2,20.726,,,
83.0,1891.0,16.4,20.761,,,
83.5,1912.0,16.7,20.872,,,
,,,,,,
84.5,1955.0,17.1,20.963,,,
85.0,1976.0,17.3,21.035,,,
85.5,1998.0,17.6,21.147,,,
86.0,2019.0,17.8,21.219,,,
86.5,2043.0,18.1,21.404,,,
87.0,2065.0,18.3,21.476,,,
87.5,2089.0,18.7,21.624,,,
88.0,2108.0,18.8,21.583,,,
88.5,2133.0,19.2,21.769,,,
89.0,2157.0,19.4,21.878,,,
89.5,2184.0,19.8,22.1,,,
90.0,2208.0,20.0,22.208,,,
90.5,2233.0,20.3,22.357,,,
91.0,2257.0,20.5,22.503,,,
91.5,2282.0,20.8,22.65,,,
92.0,2306.0,21.1,22.742,,,
92.5,2325.0,21.3,22.666,,,
93.0,2353.0,21.6,22.887,,,
93.5,2378.0,21.9,23.035,,,
94.0,2404.0,22.2,23.107,,,
94.5,2431.0,22.5,23.292,,,
95.0,2457.0,22.7,23.362,,,
95.5,2481.0,23.0,23.549,,,
96.0,2507.0,23.4,23.585,,,
96.5,2533.0,23.6,23.657,,,
97.0,2561.0,24.0,23.693,,,
97.5,2584.0,24.1,23.652,,,
98.0,2612.0,24.6,23.763,,,
98.5,2639.0,24.9,23.874,,,
99.0,2667.0,25.1,23.98,,,
99.5,2697.0,25.4,24.2,,,
100.0,2728.0,25.7,24.644,,,
100.5,2757.0,26.0,24.679,,,
101.0,2786.0,26.4,24.827,,,
101.5,2815.0,26.7,24.935,,,
,,,,,,
102.5,2873.0,27.3,25.006,,,
103.0,2901.0,27.7,25.082,,,
103.5,2931.0,28.0,25.302,,,
104.0,2959.0,28.3,25.371,,,
104.5,2991.0,28.7,25.596,,,
105.0,3020.0,29.0,25.628,,,
105.5,3051.0,29.4,25.927,,,
106.0,3082.0,29.7,26.034,,,
,,,,,,
107.0,3144.0,30.4,26.18,,,
107.5,3176.0,30.8,26.329,,,
108.0,3206.0,31.1,26.326,,,
,,,,,,
109.0,3269.0,31.9,26.343,,,
109.5,3303.0,32.2,26.524,,,
110.0,3340.0,32.6,26.817,,,
110.5,3373.0,33.0,26.964,,,
111.0,3407.0,33.4,27.148,,,
111.5,3442.0,33.8,27.404,,,
112.0,3476.0,34.2,27.551,,,
112.5,3511.0,34.6,27.809,,,
113.0,3544.0,35.0,27.842,,,
113.5,3576.0,35.3,27.948,,,
114.0,3606.0,35.7,27.907,,,
114.5,3642.0,36.1,28.091,,,
115.0,3679.0,36.5,28.311,,,
115.5,3718.0,36.9,28.566,,,
116.0,3751.0,37.3,28.675,,,
116.5,3791.0,37.8,28.99,,,
117.0,3827.0,38.2,29.063,,,
117.5,3865.0,38.6,29.095,,,
118.0,3902.0,39.0,29.239,,,
118.5,3939.0,39.5,29.35,,,
119.0,3975.0,39.9,29.382,,,
119.5,4012.0,40.3,29.489,,,
120.0,4050.0,40.7,29.596,,,
120.5,4087.0,41.2,29.743,,,
121.0,4126.0,41.6,30.0,,,
121.5,4164.0,42.1,30.296,,,
122.0,4203.0,42.5,30.402,,,
122.5,4242.0,43.0,30.475,,,
123.0,4281.0,43.4,30.47,,,
123.5,4320.0,43.9,30.691,,,
124.0,4353.0,44.3,30.423,,,
124.5,4392.0,44.7,30.529,,,
125.0,4436.0,45.2,30.75,,,
125.5,4477.0,45.7,30.897,,,
126.0,4517.0,46.2,31.002,,,
126.5,4558.0,46.6,31.182,,,
127.0,4603.0,47.2,31.481,,,
127.5,4643.0,47.7,31.554,,,
128.0,4685.0,48.2,31.733,,,
128.5,4726.0,48.6,31.802,,,
129.0,4767.0,49.1,31.907,,,
129.5,4809.0,49.6,32.016,,,
130.0,4852.0,50.1,32.158,,,
130.5,4898.0,50.7,32.42,,,
131.0,4942.0,51.2,32.599,,,
131.5,4986.0,51.7,33.004,,,
132.0,5029.0,52.2,33.15,,,
132.5,5074.0,52.8,33.185,,,
133.0,5118.0,53.3,33.29,,,
133.5,5162.0,53.8,33.431,,,
134.0,5203.0,54.3,33.428,,,
134.5,5247.0,54.8,33.38,,,
135.0,5293.0,55.4,33.6,,,
135.5,5341.0,55.9,33.816,,,
136.0,5387.0,56.5,34.002,,,
136.5,5434.0,57.0,34.217,,,
137.0,5479.0,57.6,34.326,,,
137.5,5528.0,58.2,34.546,,,
138.0,5574.0,58.7,34.534,,,
138.5,5627.0,59.3,34.864,,,
139.0,5670.0,59.8,34.82,,,
139.5,5718.0,60.4,35.002,,,
140.0,5764.0,61.0,35.031,,,
140.5,5809.0,61.5,35.061,,,
141.0,5853.0,62.1,35.058,,,
141.5,5899.0,62.7,35.239,,,
142.0,5931.0,63.4,34.797,,,
142.5,5939.0,64.0,33.382,,,
143.0,5932.0,64.6,31.343,,,
143.5,5921.0,65.2,29.225,,,
144.0,5909.0,65.8,27.038,,,
144.5,5899.0,66.3,24.991,,,
145.0,5885.0,66.9,22.653,,,
145.5,5869.0,67.4,20.352,,,
146.0,5855.0,68.0,17.867,,,
146.5,5842.0,68.6,15.794,,,
147.0,5830.0,69.2,13.569,,,
147.5,5818.0,69.7,11.414,,,
148.0,5805.0,70.3,9.269,,,
148.5,5795.0,70.8,7.263,,,
149.0,5781.0,71.4,5.04,,,
149.5,5770.0,72.0,3.442,,,
150.0,5758.0,72.5,2.697,,,
150.5,5747.0,73.0,2.544,,,
151.0,5735.0,73.6,2.507,,,
151.5,5723.0,74.2,2.507,,,
152.0,5711.0,74.7,2.433,,,
152.5,5700.0,75.3,2.545,,,
153.0,5688.0,75.8,2.693,,,
153.5,5676.0,76.4,2.767,,,
154.0,5664.0,77.0,2.804,,,
154.5,5653.0,77.5,2.836,,,
155.0,5642.0,78.1,2.878,,,
155.5,5633.0,78.5,3.018,5713.0,79.7,
156.0,5623.0,79.0,3.018,5722.0,80.2,
156.5,5613.0,79.5,3.161,5725.0,80.7,
157.0,5603.0,80.0,3.194,5728.0,81.2,
157.5,5591.0,80.6,3.198,5732.0,81.8,
158.0,5580.0,81.0,3.194,5734.0,82.3,
158.5,5568.0,81.6,3.194,5738.0,82.9,
159.0,5556.0,82.1,3.19,5741.0,83.5,
159.5,5540.0,82.7,3.046,5745.0,84.0,
160.0,5524.0,83.2,2.856,5748.0,84.5,
160.5,5506.0,83.7,2.634,5751.0,85.0,
161.0,5487.0,84.2,2.37,5755.0,85.6,
161.5,5468.0,84.7,2.107,5758.0,86.1,
162.0,5448.0,85.2,1.774,5761.0,86.6,
162.5,5427.0,85.7,1.399,5765.0,87.1,11.26
163.0,5398.0,86.2,0.663,5768.0,87.7,11.384
163.5,5365.0,86.7,-0.188,5771.0,88.2,11.159
164.0,5330.0,87.2,-1.113,5775.0,88.7,11.194
164.5,5292.0,87.7,-2.149,5778.0,89.2,11.192
165.0,5254.0,88.2,-3.115,5781.0,89.7,11.149
165.5,5216.0,88.7,-4.11,5785.0,90.2,11.221
166.0,5177.0,89.2,-5.112,5788.0,90.8,11.182
166.5,5138.0,89.6,-6.114,5791.0,91.3,11.175
167.0,5099.0,90.1,-6.968,5795.0,91.8,11.173
167.5,5061.0,90.6,-7.781,5798.0,92.3,11.171
168.0,5022.0,91.1,-8.556,5801.0,92.8,11.169
168.5,4984.0,91.6,-9.257,5804.0,93.3,11.126
169.0,4947.0,92.1,-9.92,5809.0,93.9,11.202
169.5,4909.0,92.5,-10.588,5811.0,94.4,11.163
170.0,4863.0,93.1,-11.506,5815.0,95.0,11.166
170.5,4822.0,93.6,-11.947,5818.0,95.5,11.159
171.0,4776.0,94.1,-12.425,5821.0,96.0,11.157
171.5,4732.0,94.5,-12.759,5824.0,96.5,11.118
172.0,4683.0,95.0,-13.163,5827.0,97.0,11.116
172.5,4638.0,95.4,-13.423,5830.0,97.5,11.114
173.0,4589.0,95.9,-13.826,5833.0,98.0,11.075
173.5,4544.0,96.4,-14.045,5836.0,98.5,11.069
174.0,4496.0,96.8,-14.375,5839.0,99.0,11.067
174.5,4449.0,97.3,-14.668,5842.0,99.5,11.028
175.0,4398.0,97.8,-15.146,5845.0,100.0,11.026
175.5,4350.0,98.2,-15.479,5848.0,100.0,11.014
176.0,4299.0,98.6,-15.961,,,
176.5,4249.0,99.1,-16.438,5855.0,101.0,11.031
177.0,4197.0,99.5,-16.953,5858.0,102.0,10.967
177.5,4147.0,100.0,-17.102,,,
178.0,4094.0,100.0,-17.553,5865.0,103.0,11.02
178.5,4043.0,100.0,-17.744,5869.0,103.0,11.003
179.0,3991.0,101.0,-18.031,5872.0,103.0,10.991
179.5,3940.0,101.0,-18.111,5876.0,104.0,11.043
180.0,3888.0,102.0,-18.361,5879.0,104.0,11.031
180.5,3838.0,102.0,-18.405,5883.0,105.0,11.083
181.0,3785.0,103.0,-18.696,5887.0,106.0,11.135
181.5,3731.0,103.0,-18.921,5891.0,106.0,11.16
182.0,3680.0,103.0,-19.076,5894.0,106.0,11.148
182.5,3630.0,104.0,-19.035,5898.0,107.0,11.2
183.0,3580.0,104.0,-19.112,,,
,,,,5906.0,108.0,11.235
184.0,3484.0,105.0,-18.994,5910.0,108.0,11.259
,,,,5913.0,109.0,11.285
185.0,3389.0,106.0,-18.899,5917.0,109.0,11.291
185.5,3341.0,106.0,-18.753,5921.0,110.0,11.326
,,,,5925.0,110.0,11.333
186.5,3247.0,107.0,-18.64,,,
,,,,5934.0,111.0,11.359
187.5,3155.0,108.0,-18.369,5938.0,112.0,11.422
,,,,5942.0,112.0,11.392
188.5,3067.0,109.0,-18.099,5946.0,113.0,11.455
189.0,3025.0,109.0,-17.737,5950.0,113.0,11.426
189.5,2982.0,109.0,-17.437,5955.0,114.0,11.461
,,,,5959.0,114.0,11.459
190.5,2903.0,110.0,-16.976,5963.0,114.0,11.494
,,,,5968.0,115.0,11.529
,,,,5973.0,115.0,11.554
,,,,5977.0,116.0,11.58
,,,,,,
193.0,2716.0,112.0,-16.499,5986.0,117.0,11.616
193.5,2683.0,112.0,-15.766,5991.0,117.0,11.651
,,,,5995.0,118.0,11.649
,,,,5999.0,118.0,11.647
195.0,2597.0,114.0,-14.819,6004.0,119.0,11.682
195.5,2573.0,114.0,-13.815,6009.0,119.0,11.689
196.0,2550.0,114.0,-12.822,6014.0,120.0,11.752
,,,,6018.0,120.0,11.722
197.0,2508.0,115.0,-11.74,6023.0,120.0,11.757
197.5,2491.0,115.0,-10.599,6028.0,121.0,11.756
,,,,6033.0,121.0,11.791
198.5,2464.0,116.0,-9.342,6038.0,122.0,11.854
199.0,2454.0,116.0,-7.932,6043.0,122.0,11.824
,,,,6048.0,123.0,11.851
200.0,2443.0,117.0,-6.397,6053.0,123.0,11.858
200.5,2441.0,117.0,-4.774,6058.0,124.0,11.893
,,,,6063.0,124.0,11.891
201.5,2445.0,118.0,-3.072,6068.0,124.0,11.898
202.0,2453.0,118.0,-1.219,6074.0,125.0,11.999
,,,,6079.0,125.0,11.968
203.0,2473.0,119.0,0.749,6084.0,126.0,11.996
203.5,2474.0,119.0,2.242,6089.0,126.0,11.965
,,,,6095.0,127.0,12.067
204.5,2466.0,120.0,3.478,6100.0,127.0,12.064
205.0,2462.0,120.0,4.551,6105.0,127.0,12.034
,,,,6111.0,128.0,12.098
206.0,2455.0,121.0,5.482,6117.0,128.0,12.105
206.5,2443.0,121.0,5.925,6123.0,129.0,12.169
207.0,2429.0,121.0,6.258,6128.0,129.0,12.138
,,,,6134.0,130.0,12.203
208.0,2399.0,122.0,6.479,6140.0,130.0,12.209
208.5,2383.0,122.0,6.515,6146.0,131.0,12.274
,,,,6151.0,131.0,12.272
209.5,2354.0,123.0,6.476,6157.0,131.0,12.241
210.0,2339.0,123.0,6.29,6163.0,132.0,12.306
,,,,6169.0,132.0,12.311
211.0,2309.0,124.0,5.937,6174.0,133.0,12.339
211.5,2294.0,124.0,5.455,6180.0,133.0,12.308
212.0,2280.0,124.0,4.857,6186.0,133.0,12.343
,,,,6192.0,134.0,12.408
213.0,2251.0,125.0,4.027,6199.0,134.0,12.414
,,,,6205.0,135.0,12.442
214.0,2221.0,125.0,3.096,6211.0,135.0,12.41
,,,,6217.0,135.0,12.445
215.0,2191.0,126.0,2.507,6223.0,136.0,12.444
215.5,2177.0,126.0,2.132,6230.0,136.0,12.479
216.0,2163.0,126.0,1.761,6236.0,137.0,12.478
,,,,6243.0,137.0,12.55
217.0,2134.0,127.0,1.353,6250.0,137.0,12.585
217.5,2119.0,127.0,1.241,6258.0,138.0,12.658
218.0,2105.0,127.0,1.241,6265.0,138.0,12.693
,,,,6272.0,139.0,12.766
219.0,2075.0,128.0,1.24,6279.0,139.0,12.801
,,,,6286.0,139.0,12.836
220.0,2047.0,129.0,1.317,6294.0,140.0,12.909
,,,,6301.0,140.0,12.906
221.0,2019.0,129.0,1.332,6309.0,141.0,12.979
221.5,2005.0,129.0,1.369,6317.0,141.0,13.051
,,,,6325.0,141.0,13.123
222.5,1976.0,130.0,1.386,6333.0,142.0,13.196
223.0,1962.0,130.0,1.423,6341.0,142.0,13.231
223.5,1948.0,130.0,1.423,6349.0,143.0,13.304
224.0,1934.0,130.0,1.438,6357.0,143.0,13.339
,,,,6364.0,143.0,13.336
225.0,1907.0,131.0,1.496,6373.0,144.0,13.372
225.5,1894.0,131.0,1.566,6381.0,144.0,13.407
226.0,1880.0,131.0,1.566,6389.0,144.0,13.411
226.5,1867.0,131.0,1.603,6398.0,145.0,13.515
,,,,6407.0,145.0,13.587
227.5,1840.0,132.0,1.639,6415.0,145.0,13.553
228.0,1826.0,132.0,1.676,6423.0,146.0,13.62
228.5,1813.0,132.0,1.713,6433.0,146.0,13.661
,,,,6442.0,147.0,13.728
,,,,6451.0,147.0,13.763
230.0,1774.0,133.0,1.786,6460.0,147.0,13.766
230.5,1761.0,133.0,1.82,6469.0,148.0,13.834
231.0,1748.0,133.0,1.857,6478.0,148.0,13.837
231.5,1735.0,133.0,1.894,6489.0,148.0,13.946
,,,,6498.0,149.0,14.05
,,,,6509.4,149.0,14.105
233.0,1696.0,134.0,1.949,6521.0,149.0,14.236
,,,,6532.0,150.0,14.378
234.0,1669.0,134.0,1.968,6543.0,150.0,14.417
,,,,6553.0,151.0,14.486
,,,,6563.0,151.0,14.557
235.5,1631.0,135.0,2.019,6574.0,151.0,14.633
236.0,1620.0,135.0,2.13,6585.0,152.0,14.702
236.5,1607.0,135.0,2.146,6596.0,152.0,14.741
237.0,1595.0,135.0,2.183,6607.0,152.0,14.812
,,,,6619.0,153.0,14.955
,,,,6630.0,153.0,14.993
238.5,1559.0,136.0,2.259,6641.0,153.0,15.065
239.0,1547.0,136.0,2.296,6652.0,154.0,15.097
239.5,1536.0,136.0,2.386,6664.0,154.0,15.172
240.0,1524.0,136.0,2.46,6675.0,154.0,15.155
240.5,1512.0,136.0,2.497,6687.0,155.0,15.202
,,,,6698.0,155.0,15.166
,,,,6710.0,155.0,15.2
242.0,1479.0,137.0,2.57,6722.0,156.0,15.273
242.5,1468.0,137.0,2.644,6734.0,156.0,15.344
243.0,1457.0,137.0,2.718,6746.0,156.0,15.379
243.5,1446.0,137.0,2.792,6759.0,157.0,15.452
244.0,1435.0,137.0,2.864,6771.0,157.0,15.486
244.5,1424.0,137.0,2.957,6783.0,157.0,15.52
,,,,6795.0,158.0,15.519
,,,,6807.0,158.0,15.554
246.0,1394.0,138.0,3.055,6820.0,158.0,15.625
246.5,1384.0,138.0,3.092,6832.0,159.0,15.661
247.0,1374.0,138.0,3.203,6847.0,159.0,15.769
247.5,1365.0,138.0,3.314,6860.0,159.0,15.84
248.0,1354.0,138.0,3.349,6873.0,160.0,15.876
248.5,1343.0,138.0,3.386,6886.0,160.0,15.948
249.0,1333.0,138.0,3.423,6899.0,160.0,15.982
,,,,6912.0,161.0,16.018
,,,,6925.0,161.0,16.052
250.5,1306.0,139.0,3.536,6938.0,161.0,16.086
251.0,1298.0,139.0,3.684,6952.0,162.0,16.122
251.5,1289.0,139.0,3.756,6964.0,162.0,16.119
252.0,1280.0,139.0,3.83,6978.0,162.0,16.19
252.5,1273.0,139.0,3.979,6992.0,162.0,16.225
253.0,1265.0,139.0,4.09,7006.0,163.0,16.334
253.5,1256.0,139.0,4.164,7019.0,163.0,16.331
254.0,1248.0,139.0,4.275,7033.0,163.0,16.366
254.5,1241.0,139.0,4.385,7047.0,164.0,16.365
,,,,7062.0,164.0,16.436
,,,,7075.0,164.0,16.395
256.0,1219.0,140.0,4.484,7089.0,165.0,16.469
256.5,1212.0,140.0,4.595,7103.0,165.0,16.503
257.0,1206.0,140.0,4.707,7117.0,165.0,16.499
257.5,1199.0,140.0,4.855,7130.0,165.0,16.496
258.0,1193.0,140.0,5.04,7145.0,166.0,16.607
258.5,1188.0,140.0,5.225,7159.0,166.0,16.566
259.0,1182.0,140.0,5.335,7175.0,166.0,16.711
259.5,1176.0,140.0,5.409,7191.0,167.0,16.823
260.0,1170.0,140.0,5.52,7206.0,167.0,16.856
260.5,1164.0,140.0,5.631,7220.0,167.0,16.814
261.0,1159.0,140.0,5.705,7234.0,168.0,16.889
261.5,1154.0,140.0,5.816,7249.0,168.0,16.923
262.0,1150.0,140.0,6.001,7264.0,168.0,16.917
262.5,1145.0,140.0,6.113,7278.0,169.0,16.918
263.0,1141.0,140.0,6.224,7292.0,169.0,16.951
263.5,1138.0,140.0,6.383,7308.0,169.0,16.983
264.0,1134.0,140.0,6.494,7324.0,169.0,17.054
264.5,1131.0,140.0,6.606,7339.0,170.0,17.128
,,,,7354.0,170.0,17.199
,,,,7369.0,170.0,17.155
,,,,7384.0,171.0,17.229
266.5,1120.0,141.0,6.764,7400.0,171.0,17.226
267.0,1118.0,141.0,6.912,7415.0,171.0,17.145
267.5,1116.0,141.0,7.023,7431.0,171.0,17.179
268.0,1114.0,141.0,7.171,7446.0,172.0,17.253
268.5,1113.0,141.0,7.356,7462.0,172.0,17.283
269.0,1112.0,141.0,7.541,7478.0,172.0,17.316
269.5,1111.0,141.0,7.726,7494.0,173.0,17.391
270.0,1110.0,141.0,7.875,7510.0,173.0,17.421
270.5,1110.0,141.0,8.06,7525.0,173.0,17.454
271.0,1110.0,141.0,8.208,7541.0,173.0,17.451
271.5,1110.0,141.0,8.393,7557.0,174.0,17.488
272.0,1110.0,141.0,8.541,7573.0,174.0,17.481
272.5,1110.0,141.0,8.652,7589.0,174.0,17.514
273.0,1111.0,141.0,8.837,7606.0,174.0,17.585
273.5,1112.0,141.0,8.985,7622.0,175.0,17.618
274.0,1114.0,141.0,9.16,7640.0,175.0,17.689
274.5,1115.0,141.0,9.271,7656.0,175.0,17.722
275.0,1117.0,141.0,9.419,7674.0,175.0,17.793
275.5,1120.0,141.0,9.604,7692.0,176.0,17.9
276.0,1122.0,141.0,9.715,7708.0,176.0,17.896
276.5,1125.0,140.0,9.238,7724.0,176.0,17.893
277.0,1128.0,140.0,9.386,7741.0,177.0,17.926
277.5,1131.0,140.0,9.534,7758.0,177.0,17.959
278.0,1134.0,140.0,9.646,7776.0,177.0,18.067
278.5,1138.0,140.0,9.794,7792.0,177.0,18.063
279.0,1142.0,140.0,9.942,7810.0,178.0,18.133
279.5,1146.0,140.0,10.091,7827.0,178.0,18.166
280.0,1150.0,140.0,10.239,7845.0,178.0,18.237
280.5,1154.0,140.0,10.35,7861.0,178.0,18.196
281.0,1159.0,140.0,10.498,7878.0,179.0,18.229
281.5,1164.0,140.0,10.61,7895.0,179.0,18.188
282.0,1170.0,140.0,10.795,7913.0,179.0,18.258
282.5,1175.0,140.0,10.906,,,
283.0,1181.0,140.0,11.017,7948.0,180.0,18.246
283.5,1186.0,140.0,11.128,7966.0,180.0,18.201
284.0,1193.0,140.0,11.902,7984.0,180.0,18.271
284.5,1199.0,140.0,12.013,,,
285.0,1206.0,140.0,12.161,,,
285.5,1212.0,140.0,12.272,,,
286.0,1219.0,140.0,12.383,,,
286.5,1227.0,139.0,11.906,8077.0,181.0,18.363
287.0,1235.0,139.0,12.054,,,
287.5,1242.0,139.0,12.165,,,
288.0,1250.0,139.0,12.313,,,
288.5,1257.0,139.0,12.387,,,
289.0,1264.0,139.0,12.461,8166.0,182.0,18.348
289.5,1273.0,139.0,12.572,,,
290.0,1281.0,139.0,12.683,8202.0,183.0,18.388
290.5,1289.0,139.0,12.757,8222.0,183.0,18.456
291.0,1297.0,139.0,12.868,8241.0,183.0,18.56
291.5,1307.0,139.0,12.98,8260.0,184.0,18.59
292.0,1316.0,139.0,13.091,8279.0,184.0,18.658
292.5,1325.0,138.0,12.539,8298.0,184.0,18.688
293.0,1334.0,138.0,12.65,8317.0,184.0,18.792
293.5,1344.0,138.0,12.762,8337.0,184.0,18.856
294.0,1353.0,138.0,13.424,8356.0,185.0,18.963
294.5,1363.0,138.0,13.498,8375.0,185.0,18.993
295.0,1373.0,138.0,13.609,8394.0,185.0,19.032
295.5,1383.0,138.0,13.683,8414.0,185.0,19.1
296.0,1393.0,138.0,13.794,8433.0,185.0,19.13
296.5,1404.0,138.0,13.942,8452.0,186.0,19.178
297.0,1413.0,137.0,13.317,8471.0,186.0,19.216
297.5,1424.0,137.0,13.428,8491.0,186.0,19.276
298.0,1434.0,137.0,13.502,8515.0,186.0,19.42
298.5,1445.0,137.0,13.613,8532.0,186.0,19.341
299.0,1458.0,137.0,13.725,8555.0,187.0,19.485
299.5,1467.0,137.0,13.725,8573.0,187.0,19.443
300.0,1480.0,137.0,14.498,8594.0,187.0,19.513
300.5,1491.0,136.0,13.947,8614.0,187.0,19.545
301.0,1502.0,136.0,13.984,8631.0,188.0,19.47
301.5,1514.0,136.0,14.095,8653.0,188.0,19.536
302.0,1524.0,136.0,14.095,8675.0,188.0,19.643
302.5,1536.0,136.0,14.169,,,
303.0,1548.0,136.0,14.243,8716.0,188.0,19.694
303.5,1560.0,136.0,14.317,8736.0,189.0,19.729
304.0,1572.0,135.0,13.729,8757.0,189.0,19.798
304.5,1583.0,135.0,14.428,8778.0,189.0,19.827
305.0,1596.0,135.0,14.502,8798.0,189.0,19.859
305.5,1608.0,135.0,14.576,8818.0,189.0,19.854
306.0,1620.0,135.0,14.613,8837.0,190.0,19.704
306.5,1632.0,135.0,14.576,,,
307.0,1643.0,135.0,14.65,8879.0,190.0,19.847
307.5,1656.0,134.0,14.025,,,
308.0,1668.0,134.0,14.688,,,
308.5,1681.0,134.0,14.762,,,
309.0,1694.0,134.0,14.799,,,
309.5,1707.0,134.0,14.91,,,
310.0,1720.0,133.0,14.321,,,
310.5,1732.0,133.0,14.321,9030.0,191.0,19.747
311.0,1746.0,133.0,14.395,,,
311.5,1759.0,133.0,15.058,9076.0,192.0,19.934
312.0,1772.0,133.0,15.132,,,
312.5,1787.0,132.0,14.58,9122.0,192.0,20.0
313.0,1801.0,132.0,14.655,9143.0,192.0,20.029
313.5,1815.0,132.0,14.729,9166.0,192.0,20.202
314.0,1828.0,132.0,14.766,9187.0,193.0,20.197
314.5,1842.0,132.0,14.877,9209.0,193.0,20.189
315.0,1854.0,131.0,14.84,9229.0,193.0,20.162
315.5,1868.0,131.0,14.914,9253.0,193.0,20.262
316.0,1881.0,131.0,14.914,9274.0,193.0,20.254
316.5,1895.0,131.0,14.951,9298.0,193.0,20.357
317.0,1908.0,131.0,14.951,9320.0,194.0,20.463
317.5,1923.0,130.0,15.025,9344.0,194.0,20.603
318.0,1936.0,130.0,15.062,9366.0,194.0,20.665
318.5,1950.0,130.0,15.062,9389.0,194.0,20.731
319.0,1964.0,130.0,15.099,9412.0,194.0,20.777
319.5,1978.0,129.0,14.511,9435.0,194.0,20.762
320.0,1992.0,129.0,15.099,9458.0,195.0,20.797
320.5,2007.0,129.0,15.136,,,
321.0,2020.0,129.0,15.099,9503.0,195.0,20.847
321.5,2034.0,129.0,15.136,9527.0,195.0,20.878
322.0,2048.0,128.0,14.511,9550.0,195.0,20.906
322.5,2062.0,128.0,15.21,9572.0,195.0,20.9
323.0,2076.0,128.0,15.21,9595.0,196.0,21.046
323.5,2090.0,128.0,15.247,9619.0,196.0,21.04
324.0,2105.0,127.0,14.659,9642.0,196.0,21.108
324.5,2119.0,127.0,14.696,9666.0,196.0,21.102
325.0,2133.0,127.0,15.284,9690.0,196.0,21.129
325.5,2147.0,127.0,15.321,9712.0,196.0,21.05
326.0,2162.0,126.0,14.733,9736.0,197.0,21.158
326.5,2176.0,126.0,14.733,9760.0,197.0,21.189
327.0,2191.0,126.0,15.395,9784.0,197.0,21.22
327.5,2205.0,126.0,15.395,,,
328.0,2220.0,125.0,14.77,9833.0,197.0,21.269
,,,,9859.0,197.0,21.333
329.0,2249.0,125.0,14.825,9883.0,197.0,21.383
329.5,2265.0,124.0,14.274,,,
330.0,2279.0,124.0,14.899,9932.0,198.0,21.405
330.5,2295.0,124.0,14.973,9956.0,198.0,21.435
331.0,2309.0,124.0,14.973,,,
331.5,2324.0,123.0,14.385,10006.0,198.0,21.539
,,,,10031.0,198.0,21.565
332.5,2353.0,123.0,14.992,10056.0,198.0,21.595
333.0,2368.0,123.0,15.029,10081.0,199.0,21.702
333.5,2383.0,122.0,14.44,10106.0,199.0,21.732
334.0,2398.0,122.0,14.478,10134.0,199.0,21.873
334.5,2413.0,122.0,15.103,10159.0,199.0,21.977
335.0,2430.0,121.0,14.589,10185.0,199.0,22.003
335.5,2445.0,121.0,14.589,10211.0,199.0,22.069
336.0,2460.0,121.0,14.626,10236.0,199.0,22.099
336.5,2475.0,120.0,14.626,10261.0,200.0,22.151
337.0,2490.0,120.0,14.644,10286.0,200.0,22.106
337.5,2505.0,120.0,15.233,10312.0,200.0,22.173
,,,,10338.0,200.0,22.212
338.5,2536.0,119.0,14.663,10364.0,200.0,22.279
,,,,10390.0,200.0,22.31
339.5,2566.0,119.0,14.626,10418.0,200.0,22.414
340.0,2582.0,118.0,14.074,10443.0,200.0,22.408
340.5,2597.0,118.0,14.7,10470.0,201.0,22.475
341.0,2612.0,118.0,14.718,10493.0,201.0,22.394
341.5,2628.0,117.0,14.13,10520.0,201.0,22.351
342.0,2642.0,117.0,14.718,10546.0,201.0,22.381
342.5,2657.0,117.0,14.718,10574.0,201.0,22.449
343.0,2672.0,116.0,14.093,10599.0,201.0,22.405
343.5,2688.0,116.0,14.681,10631.0,201.0,22.657
344.0,2704.0,116.0,14.718,10659.0,201.0,22.721
344.5,2722.0,115.0,14.204,10687.0,202.0,22.866
,,,,10713.0,202.0,22.859
,,,,10738.0,202.0,22.815
346.0,2769.0,114.0,14.228,10763.0,202.0,22.771
346.5,2782.0,114.0,14.154,10789.0,202.0,22.764
347.0,2797.0,114.0,14.154,10816.0,202.0,22.72
347.5,2812.0,113.0,14.136,10844.0,202.0,22.824
348.0,2827.0,113.0,14.136,10871.0,202.0,22.777
348.5,2842.0,113.0,14.724,10900.0,202.0,22.992
349.0,2858.0,112.0,14.136,10931.0,203.0,23.173
349.5,2875.0,112.0,14.21,10959.0,203.0,23.24
,,,,10988.0,203.0,23.27
,,,,11017.0,203.0,23.411
,,,,11044.0,203.0,23.218
351.5,2940.0,110.0,14.219,,,
352.0,2956.0,110.0,14.293,11100.0,203.0,23.21
352.5,2972.0,110.0,14.33,11128.0,203.0,23.162
353.0,2987.0,109.0,14.33,11157.0,203.0,23.265
353.5,3002.0,109.0,14.293,11185.0,204.0,23.409
354.0,3018.0,108.0,13.667,11214.0,204.0,23.549
354.5,3033.0,108.0,14.182,11243.0,204.0,23.652
355.0,3049.0,108.0,14.82,11272.0,204.0,23.718
355.5,3066.0,107.0,14.342,11301.0,204.0,23.747
356.0,3081.0,107.0,14.342,11330.0,204.0,23.812
356.5,3097.0,106.0,14.379,11357.0,204.0,23.73
,,,,11387.0,204.0,23.644
357.5,3128.0,106.0,14.398,11414.0,204.0,23.599
358.0,3144.0,105.0,13.809,11444.0,204.0,23.628
358.5,3159.0,105.0,14.398,11473.0,204.0,23.62
359.0,3174.0,104.0,13.698,11503.0,205.0,23.763
359.5,3190.0,104.0,14.315,11537.0,205.0,23.977
360.0,3207.0,104.0,14.352,11568.0,205.0,24.08
360.5,3225.0,103.0,13.8,11597.0,205.0,24.072
361.0,3242.0,103.0,14.5,11629.0,205.0,24.171
361.5,3257.0,102.0,13.874,11659.0,205.0,24.2
362.0,3274.0,102.0,14.537,11689.0,205.0,24.229
362.5,3290.0,101.0,13.948,11717.0,205.0,24.184
363.0,3305.0,101.0,13.911,11744.0,205.0,24.102
363.5,3320.0,101.0,14.463,11776.0,205.0,24.205
364.0,3334.0,100.0,13.8,11805.0,205.0,24.27
364.5,3351.0,100.0,14.463,11837.0,206.0,24.376
365.0,3366.0,99.8,13.819,11867.0,206.0,24.479
365.5,3383.0,99.3,13.856,11899.0,206.0,24.544
,,,,11929.0,206.0,24.573
366.5,3416.0,98.4,13.286,11962.0,206.0,24.635
367.0,3431.0,98.0,13.286,11996.0,206.0,24.626
367.5,3448.0,97.5,12.697,12029.0,206.0,24.691
368.0,3466.0,97.0,12.109,12058.0,206.0,24.683
368.5,3483.0,96.5,12.072,12090.0,206.0,24.674
369.0,3498.0,96.1,11.372,12121.0,206.0,24.702
369.5,3514.0,95.6,11.409,12154.0,206.0,24.805
370.0,3530.0,95.2,10.747,12185.0,206.0,24.907
370.5,3547.0,94.7,10.784,12218.0,207.0,25.16
371.0,3563.0,94.2,10.195,12249.0,207.0,25.114
371.5,3580.0,93.7,9.644,12282.0,207.0,25.253
372.0,3595.0,93.3,9.681,12314.0,207.0,25.203
372.5,3612.0,92.8,9.056,12347.0,207.0,25.305
373.0,3628.0,92.3,9.093,12387.0,207.0,25.592
373.5,3644.0,91.8,9.056,12423.0,207.0,25.804
374.0,3665.0,91.2,9.222,12456.0,207.0,25.795
374.5,3682.0,90.7,9.296,12487.0,207.0,25.674
375.0,3698.0,90.2,9.259,12522.0,207.0,25.739
375.5,3714.0,89.8,9.185,12556.0,207.0,25.914
376.0,3731.0,89.3,9.185,12589.0,207.0,25.941
376.5,3748.0,88.7,9.259,12623.0,207.0,26.043
377.0,3764.0,88.2,9.259,12656.0,207.0,26.033
377.5,3780.0,87.7,9.259,12690.0,207.0,26.134
378.0,3796.0,87.2,9.222,12723.0,208.0,26.124
378.5,3813.0,86.7,9.259,12756.0,208.0,26.188
379.0,3829.0,86.2,9.222,12790.0,208.0,26.215
379.5,3845.0,85.7,9.259,12825.0,208.0,26.316
380.0,3861.0,85.2,9.222,12856.0,208.0,26.231
380.5,3879.0,84.7,9.296,12891.0,208.0,26.036
381.0,3894.0,84.2,9.259,12926.0,208.0,25.989
381.5,3910.0,83.7,9.074,12959.0,208.0,25.979
382.0,3927.0,83.2,9.074,12993.0,208.0,26.079
382.5,3942.0,82.7,9.037,13029.0,208.0,26.106
383.0,3959.0,82.1,9.074,13065.0,208.0,26.17
383.5,3976.0,81.6,9.074,13100.0,208.0,26.234
384.0,3993.0,81.0,9.074,13136.0,208.0,26.297
384.5,4009.0,80.5,9.074,13168.0,208.0,26.25
385.0,4026.0,80.0,9.111,13204.0,208.0,26.313
385.5,4041.0,79.5,9.074,13235.0,208.0,26.188
386.0,4058.0,78.9,9.074,13274.0,208.0,26.4
386.5,4072.0,78.5,9.0,13306.0,208.0,26.315
387.0,4091.0,77.9,9.111,13344.0,209.0,26.456
387.5,4106.0,77.4,9.074,13378.0,209.0,26.556
388.0,4122.0,76.8,9.0,13416.0,209.0,26.656
388.5,4139.0,76.3,9.074,13453.0,209.0,26.719
389.0,4156.0,75.7,9.111,13492.0,209.0,26.93
,,,,13527.0,209.0,26.956
390.0,4191.0,74.5,9.13,13560.0,209.0,26.834
390.5,4206.0,74.0,9.13,13597.0,209.0,26.86
391.0,4221.0,73.5,9.056,13633.0,209.0,26.885
391.5,4238.0,72.9,9.056,13671.0,209.0,26.948
392.0,4255.0,72.3,9.056,13708.0,209.0,27.122
392.5,4271.0,71.8,9.056,13746.0,209.0,27.184
393.0,4288.0,71.2,9.056,13782.0,209.0,27.358
393.5,4304.0,70.6,9.093,13820.0,209.0,27.309
394.0,4321.0,70.0,9.093,13858.0,209.0,27.519
394.5,4337.0,69.4,9.167,13896.0,209.0,27.467
395.0,4354.0,68.9,9.093,13932.0,209.0,27.529
395.5,4371.0,68.3,9.167,13970.0,209.0,27.517
396.0,4387.0,67.7,9.167,14007.0,209.0,27.506
396.5,4403.0,67.1,9.13,14046.0,209.0,27.494
397.0,4419.0,66.6,9.093,14083.0,209.0,27.556
397.5,4436.0,65.9,9.074,14123.0,209.0,27.803
398.0,4453.0,65.4,9.148,14161.0,209.0,27.828
398.5,4470.0,64.8,9.222,14198.0,209.0,27.852
399.0,4485.0,64.2,9.148,14239.0,209.0,27.951
399.5,4502.0,63.6,9.148,14277.0,210.0,28.016
400.0,4519.0,62.9,9.185,14316.0,210.0,28.04
400.5,4535.0,62.4,9.148,14362.0,210.0,28.398
401.0,4552.0,61.8,9.185,14402.0,210.0,28.459
401.5,4571.0,61.0,9.259,14443.0,210.0,28.557
402.0,4588.0,60.4,9.296,14478.0,210.0,28.433
402.5,4605.0,59.8,9.296,14519.0,210.0,28.605
403.0,4620.0,59.2,9.222,14558.0,210.0,28.628
403.5,4636.0,58.6,9.222,14597.0,210.0,28.689
404.0,4652.0,58.0,9.222,14635.0,210.0,28.639
404.5,4668.0,57.4,9.222,14675.0,210.0,28.736
405.0,4684.0,56.8,9.185,14716.0,210.0,28.76
405.5,4700.0,56.2,9.148,14760.0,210.0,28.968
406.0,4716.0,55.6,9.111,14809.0,210.0,29.399
406.5,4732.0,54.9,9.148,14854.0,210.0,29.533
407.0,4734.0,54.1,8.593,14897.0,210.0,29.663
407.5,4729.0,53.4,7.778,14938.0,210.0,29.723
408.0,4723.0,52.7,6.963,14980.0,210.0,29.561
408.5,4719.0,52.1,6.185,15022.0,210.0,29.621
409.0,4713.0,51.5,5.259,15065.0,210.0,29.68
409.5,4708.0,50.8,4.444,15105.0,210.0,29.851
410.0,4692.0,50.2,3.222,15147.0,210.0,29.874
410.5,4652.0,49.6,1.185,15184.0,210.0,29.785
411.0,4604.0,48.9,-1.185,15232.0,210.0,30.104
411.5,4562.0,48.4,-3.333,15274.0,210.0,30.237
412.0,4505.0,47.7,-6.037,15319.0,210.0,30.407
412.5,4454.0,47.1,-8.519,15361.0,210.0,30.429
413.0,4396.0,46.5,-11.259,15406.0,210.0,30.45
413.5,4347.0,45.9,-13.667,15448.0,210.0,30.176
414.0,4289.0,45.3,-16.407,15491.0,210.0,30.087
414.5,4235.0,44.8,-18.481,15535.0,210.0,30.109
415.0,4180.0,44.2,-20.333,15581.0,210.0,30.279
415.5,4124.0,43.6,-22.185,15623.0,210.0,30.263
416.0,4064.0,43.1,-24.259,15668.0,210.0,30.359
416.5,4009.0,42.6,-26.074,15712.0,210.0,30.38
417.0,3953.0,42.0,-27.963,15757.0,210.0,30.55
417.5,3892.0,41.5,-29.63,15801.0,210.0,30.608
418.0,3829.0,41.0,-30.481,15847.0,210.0,30.925
418.5,3770.0,40.5,-30.889,15892.0,210.0,30.798
419.0,3708.0,40.0,-31.63,15938.0,210.0,30.93
419.5,3649.0,39.5,-31.704,15983.0,210.0,30.914
420.0,3588.0,39.0,-32.074,16030.0,210.0,31.083
420.5,3527.0,38.5,-32.185,16075.0,210.0,31.066
421.0,3465.0,38.0,-32.667,16120.0,210.0,31.161
421.5,3404.0,37.6,-32.778,16166.0,210.0,31.255
422.0,3344.0,37.1,-33.0,16212.0,210.0,31.312
422.5,3280.0,36.7,-33.333,16260.0,210.0,31.37
423.0,3215.0,36.2,-33.667,16307.0,210.0,31.538
423.5,3147.0,35.8,-33.963,16351.0,210.0,31.484
424.0,3081.0,35.4,-34.37,16397.0,210.0,31.54
424.5,3017.0,35.0,-34.667,16447.0,210.0,31.708
425.0,2951.0,34.6,-34.852,16493.0,210.0,31.765
,,,,16543.0,210.0,31.895
426.0,2819.0,33.8,-34.963,16589.0,210.0,31.915
426.5,2746.0,33.4,-35.481,16637.0,210.0,31.971
427.0,2678.0,33.1,-35.704,16685.0,210.0,32.064
427.5,2608.0,32.7,-36.111,16735.0,210.0,32.157
428.0,2562.0,32.4,-35.556,16783.0,210.0,32.25
428.5,2541.0,32.0,-34.074,16837.0,210.0,32.565
429.0,2527.0,31.7,-32.296,16894.0,210.0,32.954
429.5,2527.0,31.3,-30.037,16947.0,210.0,33.194
430.0,2540.0,30.9,-27.333,17001.0,210.0,33.397
430.5,2554.0,30.6,-24.444,17050.0,210.0,33.451
431.0,2568.0,30.2,-21.519,17097.0,210.0,33.543
431.5,2581.0,29.9,-18.519,17149.0,210.0,33.746
432.0,2593.0,29.5,-15.63,17202.0,210.0,33.837
432.5,2604.0,29.2,-12.852,17253.0,210.0,34.002
433.0,2617.0,28.8,-9.926,17305.0,210.0,34.056
433.5,2628.0,28.4,-7.074,17357.0,210.0,34.258
434.0,2640.0,28.1,-3.926,17409.0,210.0,34.385
434.5,2649.0,27.7,-1.074,17461.0,210.0,34.513
435.0,2659.0,27.4,1.889,17510.0,210.0,34.455
435.5,2668.0,27.0,3.926,17565.0,210.0,34.693
436.0,2677.0,26.7,5.037,17619.0,210.0,34.672
436.5,2685.0,26.3,5.852,17668.0,210.0,34.355
437.0,2693.0,25.9,6.148,17723.0,210.0,34.408
437.5,2699.0,25.6,5.889,17775.0,210.0,34.313
438.0,2705.0,25.2,5.593,,,
438.5,2711.0,24.9,5.296,17883.0,210.0,34.475
439.0,2716.0,24.5,5.0,17939.0,210.0,34.786
439.5,2720.0,24.1,4.704,17993.0,210.0,34.837
440.0,2724.0,23.7,4.444,18049.0,210.0,34.924
440.5,2726.0,23.4,4.037,18103.0,210.0,35.012
441.0,2728.0,23.0,3.704,18160.0,210.0,35.173
441.5,2728.0,22.6,3.259,18214.0,210.0,35.224
442.0,2728.0,22.2,2.926,18269.0,210.0,35.311
442.5,2726.0,21.9,2.481,18324.0,210.0,35.398
443.0,2724.0,21.5,2.074,18381.0,210.0,35.67
443.5,2720.0,21.2,1.593,18434.0,210.0,35.571
444.0,2715.0,20.8,1.111,18494.0,210.0,35.769
444.5,2709.0,20.4,0.593,18551.0,210.0,36.04
445.0,2701.0,20.1,0.074,18610.0,210.0,36.163
445.5,2692.0,19.7,-0.481,18667.0,210.0,36.323
446.0,2682.0,19.3,-1.074,18727.0,210.0,36.521
446.5,2670.0,19.0,-1.704,18785.0,210.0,36.57
447.0,2655.0,18.6,-2.407,18844.0,210.0,36.731
447.5,2640.0,18.2,-3.111,18900.0,210.0,36.707
448.0,2622.0,17.9,-3.852,18959.0,210.0,36.867
448.5,2605.0,17.6,-4.556,19019.0,210.0,36.953
449.0,2585.0,17.2,-5.296,19078.0,210.0,37.113
449.5,2563.0,16.9,-6.111,19139.0,210.0,37.31
450.0,2539.0,16.5,-6.926,19199.0,210.0,37.469
450.5,2514.0,16.2,-7.778,19261.0,210.0,37.629
451.0,2487.0,15.8,-8.63,19322.0,210.0,37.899
451.5,2458.0,15.5,-9.519,19384.0,210.0,37.947
452.0,2428.0,15.2,-10.407,19446.0,210.0,38.105
,,,,19506.0,210.0,38.115
453.0,2362.0,14.5,-11.333,19566.0,210.0,38.2
453.5,2327.0,14.2,-12.296,19631.0,210.0,38.358
454.0,2292.0,13.9,-13.222,19693.0,210.0,38.479
454.5,2253.0,13.6,-14.222,19758.0,210.0,38.673
455.0,2216.0,13.3,-15.037,19820.0,210.0,38.868
455.5,2176.0,13.0,-15.963,19907.0,210.0,39.876
456.0,2139.0,12.7,-16.667,19974.0,210.0,40.106
456.5,2087.0,12.3,-17.963,20033.0,210.0,40.077
457.0,2048.0,12.1,-18.667,20099.0,210.0,40.233
457.5,2014.0,11.8,-19.111,20166.0,210.0,40.462
458.0,1977.0,11.5,-19.593,20232.0,210.0,40.58
458.5,1940.0,11.3,-20.037,20297.0,209.0,40.407
459.0,1904.0,11.0,-20.37,20364.0,209.0,40.562
459.5,1870.0,10.8,-20.556,20432.0,209.0,40.753
460.0,1836.0,10.4,-20.704,20501.0,209.0,41.056
460.5,1802.0,10.1,-20.741,20568.0,209.0,41.284
461.0,1769.0,9.9,-20.667,20636.0,209.0,41.363
461.5,1737.0,9.7,-20.556,20704.0,209.0,41.554
,,,,20772.0,209.0,41.633
462.5,1675.0,9.2,-20.259,20840.0,209.0,41.823
,,,,20908.0,209.0,41.087
,,,,20973.0,209.0,40.981
,,,,21045.0,209.0,41.431
464.5,1559.0,8.5,-19.963,21113.0,209.0,41.472
465.0,1531.0,8.2,-19.519,21186.0,209.0,41.661
465.5,1505.0,8.1,-19.111,21254.0,209.0,41.703
466.0,1479.0,7.9,-18.148,21323.0,209.0,42.109
466.5,1455.0,7.7,-17.593,21396.0,209.0,42.297
467.0,1432.0,7.5,-17.185,21464.0,209.0,42.263
467.5,1409.0,7.3,-16.667,21536.0,209.0,42.341
468.0,1388.0,7.1,-16.074,21609.0,209.0,42.528
468.5,1368.0,7.0,-15.481,21675.0,209.0,42.42
,,,,21746.0,209.0,42.497
469.5,1330.0,6.7,-14.926,21817.0,209.0,42.573
470.0,1312.0,6.5,-14.333,21889.0,209.0,42.686
470.5,1295.0,6.3,-13.704,21960.0,209.0,42.762
471.0,1279.0,6.1,-13.074,22032.0,209.0,42.986
471.5,1262.0,6.0,-12.519,22102.0,209.0,42.876
472.0,1247.0,5.8,-11.926,22173.0,209.0,42.951
472.5,1231.0,5.7,-11.444,22244.0,209.0,42.841
473.0,1216.0,5.5,-10.963,22317.0,209.0,42.99
473.5,1201.0,5.4,-10.556,22386.0,209.0,42.954
474.0,1187.0,5.2,-10.111,22455.0,209.0,42.769
474.5,1174.0,5.1,-9.704,22527.0,209.0,42.881
,,,,22601.0,209.0,42.918
475.5,1150.0,4.8,-9.296,22676.0,209.0,42.955
,,,,22750.0,209.0,43.214
476.5,1126.0,4.5,-8.889,22825.0,209.0,43.325
477.0,1109.0,4.3,-8.741,22899.0,209.0,43.398
477.5,1092.0,4.2,-8.63,22975.0,209.0,43.508
478.0,1075.0,4.0,-8.556,23050.0,208.0,43.42
478.5,1057.0,3.9,-8.556,23126.0,208.0,43.529
479.0,1039.0,3.8,-8.593,23197.0,208.0,43.528
479.5,1019.0,3.7,-8.741,23277.0,208.0,43.822
480.0,1001.0,3.6,-8.778,23351.0,208.0,43.894
,,,,23432.0,208.0,44.15
,,,,23508.0,208.0,44.369
481.5,939.0,3.2,-8.988,23590.0,208.0,44.81
,,,,23667.0,208.0,44.954
,,,,23749.0,208.0,45.209
,,,,23827.0,208.0,45.279
483.5,862.0,2.7,-9.108,23922.0,208.0,46.014
,,,,24008.0,208.0,46.378
484.5,820.0,2.5,-9.33,24093.0,208.0,46.742
,,,,24182.0,208.0,47.179
,,,,24268.0,208.0,47.739
,,,,24350.0,208.0,47.916
486.5,740.0,2.0,-9.515,24430.0,208.0,48.204
,,,,24504.0,208.0,47.935
,,,,24578.0,208.0,47.889
488.0,687.0,1.8,-9.651,24651.0,208.0,47.547
,,,,24725.0,208.0,47.427
,,,,24798.0,208.0,47.048
489.5,637.0,1.54,-9.787,24874.0,208.0,46.965
490.0,620.0,1.4,-9.972,24940.0,208.0,46.328
,,,,25012.0,208.0,46.06
,,,,25090.0,208.0,45.386
,,,,25156.0,208.0,44.601
,,,,25240.0,208.0,44.52
,,,,25316.0,208.0,43.994
493.0,521.0,1.0,-10.139,25395.0,208.0,43.691
,,,,25470.0,208.0,43.388
494.0,487.0,0.8,-10.139,25551.0,208.0,43.381
494.5,469.0,0.8,-9.522,25627.0,208.0,43.412
495.0,452.0,0.7,-9.522,25708.0,208.0,43.626
495.5,436.0,0.7,-8.794,25785.0,208.0,43.73
496.0,417.0,0.6,-8.831,25867.0,208.0,43.981
496.5,402.0,0.6,-7.991,25941.0,208.0,43.973
497.0,384.0,0.5,-7.991,26022.0,207.0,44.028
497.5,369.0,0.4,-7.781,26102.0,207.0,44.5
498.0,352.0,0.4,-7.044,26185.0,207.0,44.861
498.5,334.0,0.4,-6.278,26266.0,207.0,44.925
,,,,26347.0,207.0,45.432
499.5,298.0,0.3,-6.204,26432.0,207.0,45.421
,,,,26514.0,207.0,45.595
500.5,262.0,0.2,-6.217,26599.0,207.0,45.768
501.0,245.0,0.2,-5.575,26683.0,207.0,46.052
501.5,226.0,0.1,-5.649,26763.0,207.0,45.966
502.0,204.0,0.1,-5.198,26846.0,207.0,46.175
,,,,26923.0,207.0,45.977
,,,,,,
503.5,145.0,0.0,-5.297,27085.0,207.0,46.072
504.0,131.0,0.0,-5.148,27168.0,207.0,46.055
504.5,118.0,0.0,-4.346,27252.0,207.0,46.371
505.0,104.0,0.0,-4.271,27336.0,207.0,46.512
505.5,91.0,0.0,-3.395,27418.0,207.0,46.531
506.0,0.0,0.0,-6.209,27498.0,207.0,46.364
506.5,69.0,0.0,-2.332,27579.0,207.0,46.309
507.0,55.0,-0.0,-1.641,27659.0,207.0,46.217
507.5,41.0,-0.0,-1.53,27737.0,207.0,45.902
508.0,27.0,-0.0,-1.381,27816.0,207.0,45.736
508.5,16.0,-0.0,-0.468,27900.0,207.0,45.643
509.0,12.0,-0.0,0.705,27980.0,207.0,45.44
,,,,28067.0,207.0,45.643
510.0,5.0,-0.0,1.206,28148.0,207.0,45.513
510.5,5.0,-0.0,2.564,28234.0,207.0,45.79
,,,,28312.0,207.0,45.625
,,,,28394.0,207.0,45.535
512.0,0.0,-0.0,3.317,28472.0,207.0,45.26
512.5,0.0,-0.0,4.7,28554.0,207.0,45.132
,,,,28611.0,207.0,44.154
,,,,28623.0,207.0,41.586
,,,,28626.0,207.0,38.651
,,,,28627.0,207.0,35.683
,,,,28628.0,207.0,32.792
,,,,28629.0,207.0,29.867
,,,,28629.0,207.0,26.724
516.5,0.0,-0.0,5.218,28629.0,207.0,23.732
,,,,28629.0,207.0,20.485
,,,,28629.0,207.0,17.463
,,,,28629.0,207.0,14.261
,,,,28629.0,207.0,11.358
,,,,28629.0,207.0,8.31
,,,,28629.0,207.0,5.414
,,,,28629.0,207.0,2.374
,,,,28629.0,207.0,0.262
,,,,28629.0,207.0,-0.183
,,,,28629.0,207.0,-0.294
,,,,28630.0,207.0,-0.294
,,,,28630.0,207.0,-0.331
,,,,28630.0,207.0,-0.368
,,,,28630.0,207.0,-0.368
,,,,28630.0,207.0,-0.368
,,,,28630.0,207.0,-0.369
,,,,28630.0,207.0,-0.369
,,,,28630.0,207.0,-0.369
,,,,28630.0,207.0,-0.369
,,,,28630.0,207.0,-0.369
,,,,28630.0,207.0,-0.369
,,,,28630.0,207.0,-0.369
,,,,28630.0,207.0,-0.369
,,,,28630.0,207.0,-0.369
,,,,28630.0,207.0,-0.369
,,,,28630.0,207.0,-0.406
,,,,28630.0,207.0,-0.406
,,,,28630.0,207.0,-0.406
,,,,28630.0,207.0,-0.406
,,,,28630.0,207.0,-0.406
,,,,28630.0,207.0,-0.406
532.5,0.0,-0.0,5.7,28630.0,207.0,-0.406
,,,,28630.0,207.0,-0.406
,,,,28630.0,207.0,-0.406
,,,,28630.0,207.0,-0.406
,,,,28630.0,207.0,-0.406
,,,,28630.0,207.0,-0.406
,,,,28630.0,207.0,-0.406
,,,,28630.0,207.0,-0.406
536.5,2.0,-0.0,6.228,28630.0,207.0,-0.406
,,,,28630.0,207.0,-0.406
,,,,28630.0,207.0,-0.406
,,,,28630.0,207.0,-0.406
,,,,28630.0,207.0,-0.406
,,,,28630.0,207.0,-0.406
,,,,28630.0,207.0,-0.406
,,,,28630.0,207.0,-0.406
,,,,28630.0,207.0,-0.406
,,,,28630.0,207.0,-0.406
,,,,28630.0,207.0,-0.406
,,,,28630.0,207.0,-0.406
,,,,28630.0,207.0,-0.406
,,,,28630.0,207.0,-0.406
,,,,28630.0,207.0,-0.406
,,,,28630.0,207.0,-0.406
,,,,28630.0,207.0,-0.406
,,,,28630.0,207.0,-0.406
,,,,28630.0,207.0,-0.406
,,,,28630.0,207.0,-0.406
,,,,28630.0,207.0,-0.406
,,,,28630.0,207.0,-0.406
,,,,28630.0,207.0,-0.406
,,,,28630.0,207.0,-0.406
,,,,28630.0,207.0,-0.406
,,,,28630.0,207.0,-0.406
